XID,Product_Name,Product_Number,Product_SKU,Product_Inventory_Link,Product_Inventory_Status,Product_Inventory_Quantity,Description,Summary,Prod_Image,Catalog_Information,Category,Keywords,Product_Color,Material,Size_Group,Size_Values,Shape,Theme,Tradename,Origin,Option_Type,Option_Name,Option_Values,Can_order_only_one,Req_for_order,Option_Additional_Info,Imprint_Method,Linename,Artwork,Imprint_Color,Sold_Unimprinted,Personalization,Imprint_Size,Imprint_Location,Additional_Color,Additional_Location,Product_Sample,Spec_Sample,Production_Time,Rush_Service,Rush_Time,Same_Day_Service,Packaging,Shipping_Items,Shipping_Dimensions,Shipping_Weight,Shipper_Bills_By,Shipping_Info,Ship_Plain_Box,Comp_Cert,Product_Data_Sheet,Safety_Warnings,Additional_Info,Distibutor_Only,Disclaimer,Base_Price_Name,Base_Price_Criteria_1,Base_Price_Criteria_2,Q1,Q2,Q3,Q4,Q5,Q6,Q7,Q8,Q9,Q10,P1,P2,P3,P4,P5,P6,P7,P8,P9,P10,D1,D2,D3,D4,D5,D6,D7,D8,D9,D10,Product_Number_Price,Price_Includes,QUR_Flag,Currency,Less_Than_Min,Price_Type,Upcharge_Name,Upcharge_Criteria_1,Upcharge_Criteria_2,Upcharge_Type,Upcharge_Level,Service_Charge,UQ1,UQ2,UQ3,UQ4,UQ5,UQ6,UQ7,UQ8,UQ9,UQ10,UP1,UP2,UP3,UP4,UP5,UP6,UP7,UP8,UP9,UP10,UD1,UD2,UD3,UD4,UD5,UD6,UD7,UD8,UD9,UD10,Upcharge_Details,U_QUR_Flag,Confirmed_Thru_Date,Product_Number_Criteria_1,Product_Number_Criteria_2,Product_Number_Other,SKU_Criteria_1,SKU_Criteria_2,SKU_Criteria_3,SKU_Criteria_4,SKU,Inventory_Link,Inventory_Status,Inventory_Quantity,Distributor_View_Only,Operation,Carrier_Information,Item_Weight,Warranty,Battery,Industry_Segment,SEO_FLG,UPC_Code,Additional_Imprint_Information,Item_Assembled,Delivery_Option,Do_Not_Use,Product_Status,Workflow_Status,Last_Updated_Date
5597724,"Good-Buy Bears (TM) 18"" stuffed panda with a bowtie","",,,,,"Good-Buy Bears (TM) 18"" stuffed panda comes with a bowtie.",,"http://media.asicdn.com/images/jpgb/7270000/7278288.jpg",,"STUFFED ANIMALS & TOYS",,"","","","","Panda",,,"CHINA",,,,,,,"Heat Transfer, Pad Print, Unimprinted",,"","Black, Red, Royal Blue, White","Y","","4"" x 2""","Tee Shirt",,,"Y",,"10,15","","",,"","12:per Case","","",,"","N","",,,,,,"Good-Buy Bears (TM) 18"" stuffed panda with a bowtie",,,"24","100","250","500","1000",,,,,,"21.04","20.41","17.90","17.00","16.15",,,,,,"R","R","R","R","R",,,,,,,"1 standard color imprint on tee or other accessory",,"USD",,"List","Heat Transfer, Pad Print, Unimprinted","IMMD:Heat Transfer, Pad Print, Unimprinted",,"Set-up Charge","Per Order","Required","1",,,,,,,,,,"25.00",,,,,,,,,,"Z",,,,,,,,,,"",,,,,,,,,,,,,,"N",,,,,,"Promotional","N",,,"Y","None",,,,
550843650,"15.5 Promo Turquoise Panda with Picture Hangtag","",,,,,"15.5 Promo Turquoise Panda with Picture HangtagSize 15.5 inchesAges 3 years Material Polyester Fiberfill",,"http://media.asicdn.com/images/jpgb/24350000/24352575.jpg",,"STUFFED ANIMALS & TOYS",,"","","","","",,,"CHINA",,,,,,,"Unimprinted",,"","","Y","","","",,,"Y",,"","","",,"","","","",,"We provide free shipping to all ASI members with in the 48 contiguous states with no minimum purchase required.","N","",,,,,,"",,,"9",,,,,,,,,,"19.80",,,,,,,,,,"R",,,,,,,,,,,"N/A",,"USD",,"List",,,,,,,,,,,,,,,,,,,,,,,,,,,,,,,,,,,,,,,,,,,,,,,,,,,"N",,,,,,"Promotional","N",,,"Y","None",,,,
550820546,"Children's Panda Animal Vest","",,,,,"Childrens Panda Animal Vest Made of faux fur and made of a very soft durable material. Colors As seen on pictureSizes Medium OnlyMaterial 100 polyester",,"http://media.asicdn.com/images/jpgb/24350000/24355131.jpg",,"Clothing-Coats",,"","","","","",,,"CHINA",,,,,,,"Unimprinted",,"","","Y","","","",,,"Y",,"","","",,"","","","",,"We provide free shipping to all ASI members with in the 48 contiguous states with no minimum purchase required.","N","",,,,,,"",,,"12",,,,,,,,,,"23.618",,,,,,,,,,"R",,,,,,,,,,,"N/A",,"USD",,"List",,,,,,,,,,,,,,,,,,,,,,,,,,,,,,,,,,,,,,,,,,,,,,,,,,,"N",,,,,,"Promotional","N",,,"Y","None",,,,
550843827,"10 BB Sitting Red Panda with Picture Hangtag","",,,,,"10 BB Sitting Red Panda with Picture HangtagSize 10 inchesAges 3 years Material Polyester Fiberfill",,"http://media.asicdn.com/images/jpgb/24350000/24352692.jpg",,"STUFFED ANIMALS & TOYS",,"","","","","",,,"CHINA",,,,,,,"Unimprinted",,"","","Y","","","",,,"Y",,"","","",,"","","","",,"We provide free shipping to all ASI members with in the 48 contiguous states with no minimum purchase required.","N","",,,,,,"",,,"12",,,,,,,,,,"17.60",,,,,,,,,,"R",,,,,,,,,,,"N/A",,"USD",,"List",,,,,,,,,,,,,,,,,,,,,,,,,,,,,,,,,,,,,,,,,,,,,,,,,,,"N",,,,,,"Promotional","N",,,"Y","None",,,,
4466556,"Patches Paw Bear (TM) 7"" stuffed panda bear","",,,,,"Patches Paw Bear (TM) 7"" stuffed panda bear with paw prints and embroidered eyes.",,"http://media.asicdn.com/images/jpgb/7270000/7278263.jpg",,"STUFFED ANIMALS & TOYS",,"","","","","",,,"CHINA",,,,,,,"Heat Transfer, Pad Print, Unimprinted",,"","Black, Red, Royal Blue, White","Y","","2 1/2"" x 1 1/2""","Tee Shirt",,,"Y",,"10,15","","",,"","96:per Case","","",,"","N","",,,,,,"Patches Paw Bear (TM) 7"" stuffed panda bear",,,"24","100","250","500","1000",,,,,,"7.41","7.19","6.31","5.99","5.69",,,,,,"R","R","R","R","R",,,,,,,"1 standard color imprint on tee or other accessory",,"USD",,"List","Heat Transfer, Pad Print, Unimprinted","IMMD:Heat Transfer, Pad Print, Unimprinted",,"Set-up Charge","Per Order","Required","1",,,,,,,,,,"25.00",,,,,,,,,,"Z",,,,,,,,,,"",,,,,,,,,,,,,,"N",,,,,,"Promotional","N",,,"Y","None",,,,
550843790,"6 Panda on a 12 Stick","",,,,,"6 Panda on a 12 StickSize 6 inchesAges 3 years Material Polyester Fiberfill",,"http://media.asicdn.com/images/jpgb/24350000/24352672.jpg",,"STUFFED ANIMALS & TOYS",,"","","","","",,,"CHINA",,,,,,,"Unimprinted",,"","","Y","","","",,,"Y",,"","","",,"","","","",,"We provide free shipping to all ASI members with in the 48 contiguous states with no minimum purchase required.","N","",,,,,,"",,,"60",,,,,,,,,,"5.873",,,,,,,,,,"R",,,,,,,,,,,"N/A",,"USD",,"List",,,,,,,,,,,,,,,,,,,,,,,,,,,,,,,,,,,,,,,,,,,,,,,,,,,"N",,,,,,"Promotional","N",,,"Y","None",,,,
4469968,"Good-Buy Bears (TM) 10"" stuffed panda with bowtie","",,,,,"Good-Buy Bears (TM) 10"" stuffed panda with bowtie.",,"http://media.asicdn.com/images/jpgb/7270000/7278288.jpg",,"STUFFED ANIMALS & TOYS",,"","","","","",,,"CHINA",,,,,,,"Heat Transfer, Pad Print, Unimprinted",,"","Black, Red, Royal Blue, White","Y","","3"" x 2""","Tee Shirt",,,"Y",,"10,15","","",,"","48:per Case","","",,"","N","",,,,,,"Good-Buy Bears (TM) 10"" stuffed panda with bowtie",,,"24","100","250","500","1000",,,,,,"10.82","10.50","9.21","8.75","8.31",,,,,,"R","R","R","R","R",,,,,,,"1 standard color imprint on tee or other accessory",,"USD",,"List","Heat Transfer, Pad Print, Unimprinted","IMMD:Heat Transfer, Pad Print, Unimprinted",,"Set-up Charge","Per Order","Required","1",,,,,,,,,,"50.00",,,,,,,,,,"Z",,,,,,,,,,"",,,,,,,,,,,,,,"N",,,,,,"Promotional","N",,,"Y","None",,,,
550746572,"Kid's Umbrella with Panda Design","",,,,,"Kid's Umbrella with Panda DesignStrong nylon umbrella with plastic safety tips comes with a polybag and recommended for ages 5 and up. Color whiteSize 24Material polyester fabricQuantity 72 pieces 6 dozen",,"http://media.asicdn.com/images/jpgb/24380000/24381734.jpg",,"Umbrellas-General",,"","","","","",,,"CHINA",,,,,,,"Unimprinted",,"","","Y","","","",,,"Y",,"","","",,"","","","",,"We provide free shipping to all ASI members with in the 48 contiguous states with no minimum purchase required.","N","",,,,,,"",,,"72",,,,,,,,,,"4.309",,,,,,,,,,"R",,,,,,,,,,,"N/A",,"USD",,"List",,,,,,,,,,,,,,,,,,,,,,,,,,,,,,,,,,,,,,,,,,,,,,,,,,,"N",,,,,,"Promotional","N",,,"Y","None",,,,
551177332,"10"" PANDA SMILING FACE","",,,,,"10"" PANDA SMILING FACE PLUSH",,"http://media.asicdn.com/images/jpgb/24640000/24642910.jpg",,"STUFFED ANIMALS & TOYS,STUFFED ANIMALS & TOYS ACCESSORIES",,"Black","","","","",,,"CHINA",,,,,,,"",,"","","","","","",,,"Y",,"","","",,"","","","",,"","N","",,,,,,"",,,"24","48","96","192","480","960",,,,,"9.05","8.55","8.22","7.97","7.77","7.55",,,,,"R","R","R","R","R","R",,,,,,"1 COLOR ON SHIRT OF BANDANA",,"USD",,"List",,,,,,,,,,,,,,,,,,,,,,,,,,,,,,,,,,,,,,,,,,,,,,,,,,,"N",,,,,,"Promotional","N",,,"Y","None",,,,
4447198,"Leslie Bears (TM) 2-foot stuffed panda bear","",,,,,"Leslie Bears (TM) 2-foot stuffed panda bear.",,"http://media.asicdn.com/images/jpgb/7270000/7278282.jpg",,"STUFFED ANIMALS & TOYS",,"","","","","Panda Bear",,,"CHINA",,,,,,,"Heat Transfer, Pad Print, Unimprinted",,"","Black, Red, Royal Blue, White","Y","","","",,,"Y",,"10,15","","",,"","4:per Case","","",,"","N","",,,,,,"Leslie Bears (TM) 2-foot stuffed panda bear",,,"24","100","250","500","1000",,,,,,"36.35","34.89","30.60","29.07","27.61",,,,,,"R","R","R","R","R",,,,,,,"1 standard color imprint on tee or other accessory",,"USD",,"List","Pad Print, Heat Transfer, Unimprinted","IMMD:Pad Print, Heat Transfer, Unimprinted",,"Set-up Charge","Per Order","Required","1",,,,,,,,,,"43.75",,,,,,,,,,"Z",,,,,,,,,,"",,,,,,,,,,,,,,"N",,,,,,"Promotional","N",,,"Y","None",,,,
550843818,"10 Bb Panda with Picture Hangtag","",,,,,"10 Bb Panda with Picture HangtagSize 10 inchesAges 3 years Material Polyester Fiberfill",,"http://media.asicdn.com/images/jpgb/24350000/24352686.jpg",,"STUFFED ANIMALS & TOYS",,"","","","","",,,"CHINA",,,,,,,"Unimprinted",,"","","Y","","","",,,"Y",,"","","",,"","","","",,"We provide free shipping to all ASI members with in the 48 contiguous states with no minimum purchase required.","N","",,,,,,"",,,"12",,,,,,,,,,"17.60",,,,,,,,,,"R",,,,,,,,,,,"N/A",,"USD",,"List",,,,,,,,,,,,,,,,,,,,,,,,,,,,,,,,,,,,,,,,,,,,,,,,,,,"N",,,,,,"Promotional","N",,,"Y","None",,,,
4447190,"Leslie Bears (TM) 18"" stuffed panda bear","",,,,,"Leslie Bears (TM) 18"" stuffed panda bear.",,"http://media.asicdn.com/images/jpgb/7270000/7278282.jpg",,"STUFFED ANIMALS & TOYS",,"","","","","",,,"CHINA",,,,,,,"Heat Transfer, Pad Print, Unimprinted",,"","Black, Red, Royal Blue, White","Y","","4"" x 2""","Tee Shirt",,,"Y",,"10,15","","",,"","8:per Case","","",,"","N","",,,,,,"Leslie Bears (TM) 18"" stuffed panda bear",,,"24","100","250","500","1000",,,,,,"23.05","22.36","19.60","18.62","17.69",,,,,,"R","R","R","R","R",,,,,,,"1 standard color imprint on tee or other accessory",,"USD",,"List","Heat Transfer, Pad Print, Unimprinted","IMMD:Heat Transfer, Pad Print, Unimprinted",,"Set-up Charge","Per Order","Required","1",,,,,,,,,,"50.00",,,,,,,,,,"Z",,,,,,,,,,"",,,,,,,,,,,,,,"N",,,,,,"Promotional","N",,,"Y","None",,,,
5628634,"Good-Buy Bears (TM) 12"" stuffed panda with bowtie","",,,,,"Good-Buy Bears (TM) 12"" stuffed panda comes with a bowtie.",,"http://media.asicdn.com/images/jpgb/7270000/7278288.jpg",,"STUFFED ANIMALS & TOYS",,"","","","","",,,"CHINA",,,,,,,"Heat Transfer, Pad Print, Unimprinted",,"","Black, Red, Royal Blue, White","Y","","3"" x 2""","Tee Shirt",,,"Y",,"10,15","","",,"","24:per Case","","",,"","N","",,,,,,"Good-Buy Bears (TM) 12"" stuffed panda with bowtie",,,"24","100","250","500","1000",,,,,,"12.83","12.44","10.91","10.36","9.85",,,,,,"R","R","R","R","R",,,,,,,"1 standard color imprint on tee or other accessory",,"USD",,"List","Heat Transfer, Pad Print, Unimprinted","IMMD:Heat Transfer, Pad Print, Unimprinted",,"Set-up Charge","Per Order","Required","1",,,,,,,,,,"25.00",,,,,,,,,,"Z",,,,,,,,,,"",,,,,,,,,,,,,,"N",,,,,,"Promotional","N",,,"Y","None",,,,
551002550,"13"" Panda Pick A Pet","",,,,,"13"" Panda Pick A Pet.",,"http://media.asicdn.com/images/jpgb/23830000/23836828.jpg",,"STUFFED ANIMALS & TOYS,STUFFED ANIMALS & TOYS ACCESSORIES",,"White-Black","","","","",,,"CHINA",,,,,,,"",,"","","","","","",,,"Y",,"","","",,"","","","",,"","N","",,,,,,"",,,"24","48","96","192","480","960",,,,,"10.383","10.05","9.55","9.267","9.017","8.783",,,,,"R","R","R","R","R","R",,,,,,"1 color logo",,"USD",,"List",,,,,,,,,,,,,,,,,,,,,,,,,,,,,,,,,,,,,,,,,,,,,,,,,,,"N",,,,,,"Promotional","N",,,"Y","None",,,,
550843793,"16 X 11 Red Panda Pillow Pals","",,,,,"16 X 11 Red Panda Pillow PalsSize 16 x 11Ages 3 years Material Polyester Fiberfill",,"http://media.asicdn.com/images/jpgb/24350000/24352675.jpg",,"STUFFED ANIMALS & TOYS",,"","","","","",,,"CHINA",,,,,,,"Unimprinted",,"","","Y","","","",,,"Y",,"","","",,"","","","",,"We provide free shipping to all ASI members with in the 48 contiguous states with no minimum purchase required.","N","",,,,,,"",,,"12",,,,,,,,,,"17.60",,,,,,,,,,"R",,,,,,,,,,,"N/A",,"USD",,"List",,,,,,,,,,,,,,,,,,,,,,,,,,,,,,,,,,,,,,,,,,,,,,,,,,,"N",,,,,,"Promotional","N",,,"Y","None",,,,
4447150,"Leslie Bears (TM) 8"" stuffed panda bear","",,,,,"Leslie Bears (TM) 8"" stuffed panda bear comes with a ribbon around the neck. No set up charge for first color heat transfer.",,"http://media.asicdn.com/images/jpgb/7270000/7278282.jpg",,"STUFFED ANIMALS & TOYS",,"","","","","",,,"CHINA",,,,,,,"Heat Transfer, Pad Print, Unimprinted",,"","Standard s","Y","","2 1/2"" x 1 1/2""","Tee Shirt",,,"Y",,"10,15","","",,"48 pieces per case pack.","","","",,"","N","",,,,,,"Leslie Bears (TM) 8"" stuffed panda bear",,,"24","100","250","500","1000",,,,,,"8.22","7.97","6.99","6.64","6.31",,,,,,"R","R","R","R","R",,,,,,,"1 standard color imprint on tee or other accessory",,"USD",,"List","Heat Transfer, Pad Print, Unimprinted","IMMD:Heat Transfer, Pad Print, Unimprinted",,"Set-up Charge","Per Order","Required","1",,,,,,,,,,"25.00",,,,,,,,,,"Z",,,,,,,,,,"",,,,,,,,,,,,,,"N",,,,,,"Promotional","N",,,"Y","None",,,,
550843840,"7 Panda Mask and Tail Set","",,,,,"7 Panda Mask and Tail SetSize 7 inchesAges 3 years Material Polyester Fiberfill",,"http://media.asicdn.com/images/jpgb/24350000/24352699.jpg",,"STUFFED ANIMALS & TOYS",,"","","","","",,,"CHINA",,,,,,,"Unimprinted",,"","","Y","","","",,,"Y",,"","","",,"","","","",,"We provide free shipping to all ASI members with in the 48 contiguous states with no minimum purchase required.","N","",,,,,,"",,,"36",,,,,,,,,,"6.60",,,,,,,,,,"R",,,,,,,,,,,"N/A",,"USD",,"List",,,,,,,,,,,,,,,,,,,,,,,,,,,,,,,,,,,,,,,,,,,,,,,,,,,"N",,,,,,"Promotional","N",,,"Y","None",,,,
551181962,"Long Arm Panda Hoodie","",,,,,"Long Arm Panda Hoodie",,"http://media.asicdn.com/images/jpgb/24670000/24673560.jpg",,"CAP & HAT ACCESSORIES",,"White","","","","",,,"CHINA",,,,,,,"",,"","","","","","",,,"Y",,"","","",,"","","","",,"","N","",,,,,,"",,,"24","48","96","192","480","960",,,,,"15.55","15.28","14.98","14.37","14.12","13.83",,,,,"R","R","R","R","R","R",,,,,,"One color one side on inside paw",,"USD",,"List",,,,,,,,,,,,,,,,,,,,,,,,,,,,,,,,,,,,,,,,,,,,,,,,,,,"N",,,,,,"Promotional","N",,,"Y","None",,,,
551051399,"12 Laydown Red Panda with Picture Hangtag","",,,,,"12 Laydown Red Panda with Picture HangtagSize 12 inchesAges 3 years Material Polyester Fiberfill",,"http://media.asicdn.com/images/jpgb/24260000/24268747.jpg",,"STUFFED ANIMALS & TOYS",,"","","","","",,,"CHINA",,,,,,,"Unimprinted",,"","","Y","","","",,,"Y",,"","","",,"","","","",,"We provide free shipping to all ASI members with in the 48 contiguous states with no minimum purchase required.","N","",,,,,,"",,,"24",,,,,,,,,,"11.00",,,,,,,,,,"R",,,,,,,,,,,"N/A",,"USD",,"List",,,,,,,,,,,,,,,,,,,,,,,,,,,,,,,,,,,,,,,,,,,,,,,,,,,"N",,,,,,"Promotional","N",,,"Y","None",,,,
550843782,"6 Pink Panda on a 12 Stick","",,,,,"6 Pink Panda on a 12 StickSize 6 inchesAges 3 years Material Polyester Fiberfill",,"http://media.asicdn.com/images/jpgb/24350000/24352665.jpg",,"STUFFED ANIMALS & TOYS",,"","","","","",,,"CHINA",,,,,,,"Unimprinted",,"","","Y","","","",,,"Y",,"","","",,"","","","",,"We provide free shipping to all ASI members with in the 48 contiguous states with no minimum purchase required.","N","",,,,,,"",,,"60",,,,,,,,,,"5.873",,,,,,,,,,"R",,,,,,,,,,,"N/A",,"USD",,"List",,,,,,,,,,,,,,,,,,,,,,,,,,,,,,,,,,,,,,,,,,,,,,,,,,,"N",,,,,,"Promotional","N",,,"Y","None",,,,
550831932,"Good-Buy Panda Bears","",,,,,"24"" ""Good-Buy"" Panda Bears",,"http://media.asicdn.com/images/jpgb/23570000/23574506.jpg",,"STUFFED ANIMALS & TOYS",,"","","Dimension","Length:24:in","",,,"CHINA",,,,,,,"Pad Print, Printed",,"","Black, Red, Royal Blue, White","","","","",,,"Y",,"10,15","","",,"","8:per Case","","",,"","N","",,,,,,"Goo-Buy Panda Bears",,,"24","100","250","500","1000",,,,,,"33.97","32.95","28.90","27.54","26.08",,,,,,"R","R","R","R","R",,,,,,,"N/A",,"USD",,"List","Printed, Pad Print","IMMD:Printed, Pad Print",,"Set-up Charge","Per Order","Required","1",,,,,,,,,,"50.00",,,,,,,,,,"Z",,,,,,,,,,"",,,,,,,,,,,,,,"N",,,,,,"Promotional","N",,,"Y","None",,,,
550902509,"12 Laydown Panda with Picture Hangtag","",,,,,"12 Laydown Panda with Picture HangtagSize 12 inchesAges 3 years Material Polyester Fiberfill",,"http://media.asicdn.com/images/jpgb/24350000/24351944.jpg",,"STUFFED ANIMALS & TOYS",,"","","","","",,,"CHINA",,,,,,,"Unimprinted",,"","","Y","","","",,,"Y",,"","","",,"","","","",,"We provide free shipping to all ASI members with in the 48 contiguous states with no minimum purchase required.","N","",,,,,,"",,,"24",,,,,,,,,,"11.00",,,,,,,,,,"R",,,,,,,,,,,"N/A",,"USD",,"List",,,,,,,,,,,,,,,,,,,,,,,,,,,,,,,,,,,,,,,,,,,,,,,,,,,"N",,,,,,"Promotional","N",,,"Y","None",,,,
550902296,"Toddler Girl's Hat  Magic Glove Sets - Panda Bear Designs","",,,,,"Toddler Girl's Hat  Magic Glove Sets - Panda Bear DesignsThese hat  glove sets come in assorted colors.  Color  AssortedSizes One size fits most toddlers",,"http://media.asicdn.com/images/jpgb/24350000/24351345.jpg",,"Clothing-General",,"","","","","",,,"CHINA",,,,,,,"Unimprinted",,"","","Y","","","",,,"Y",,"","","",,"","","","",,"We provide free shipping to all ASI members with in the 48 contiguous states with no minimum purchase required.","N","",,,,,,"",,,"48",,,,,,,,,,"8.436",,,,,,,,,,"R",,,,,,,,,,,"N/A",,"USD",,"List",,,,,,,,,,,,,,,,,,,,,,,,,,,,,,,,,,,,,,,,,,,,,,,,,,,"N",,,,,,"Promotional","N",,,"Y","None",,,,
551051954,"16 Promo Sitting Panda with Picture Hangtag","",,,,,"16 Promo Sitting Panda with Picture HangtagSize 16 inchesAges 3 years Material Polyester Fiberfill",,"http://media.asicdn.com/images/jpgb/24350000/24352580.jpg",,"STUFFED ANIMALS & TOYS",,"","","","","",,,"CHINA",,,,,,,"Unimprinted",,"","","Y","","","",,,"Y",,"","","",,"","","","",,"We provide free shipping to all ASI members with in the 48 contiguous states with no minimum purchase required.","N","",,,,,,"",,,"9",,,,,,,,,,"19.80",,,,,,,,,,"R",,,,,,,,,,,"N/A",,"USD",,"List",,,,,,,,,,,,,,,,,,,,,,,,,,,,,,,,,,,,,,,,,,,,,,,,,,,"N",,,,,,"Promotional","N",,,"Y","None",,,,
6104766,"Patches Paw Bear (TM) 10"" stuffed panda bear","",,,,,"Patches Paw Bear (TM) 10"" stuffed panda bear with paw prints and embroidered eyes.",,"http://media.asicdn.com/images/jpgb/7270000/7278263.jpg",,"STUFFED ANIMALS & TOYS",,"","","","","",,,"CHINA",,,,,,,"Heat Transfer, Pad Print, Unimprinted",,"","Black, Red, Royal Blue, White","Y","","3"" x 2""","Tee Shirt",,,"Y",,"10,15","","",,"","24:per Case","","",,"","N","",,,,,,"Patches Paw Bear (TM) 10"" stuffed panda bear",,,"24","100","250","500","1000",,,,,,"10.52","10.21","8.95","8.51","5.69",,,,,,"R","R","R","R","R",,,,,,,"1 standard color imprint on tee or other accessory",,"USD",,"List","Heat Transfer, Pad Print, Unimprinted","IMMD:Heat Transfer, Pad Print, Unimprinted",,"Set-up Charge","Per Order","Required","1",,,,,,,,,,"25.00",,,,,,,,,,"Z",,,,,,,,,,"",,,,,,,,,,,,,,"N",,,,,,"Promotional","N",,,"Y","None",,,,
551051435,"9 Mom  Baby Sitting Panda with Picture Hangtag","",,,,,"9 Mom  Baby Sitting Panda with Picture HangtagSize 9 inchesAges 3 years Material Polyester Fiberfill",,"http://media.asicdn.com/images/jpgb/24260000/24268761.jpg",,"STUFFED ANIMALS & TOYS",,"","","","","",,,"CHINA",,,,,,,"Unimprinted",,"","","Y","","","",,,"Y",,"","","",,"","","","",,"We provide free shipping to all ASI members with in the 48 contiguous states with no minimum purchase required.","N","",,,,,,"",,,"12",,,,,,,,,,"19.80",,,,,,,,,,"R",,,,,,,,,,,"N/A",,"USD",,"List",,,,,,,,,,,,,,,,,,,,,,,,,,,,,,,,,,,,,,,,,,,,,,,,,,,"N",,,,,,"Promotional","N",,,"Y","None",,,,
551076134,"Pong - 9 Big Eye Sitting Red Panda","",,,,,"Pong - 9 Big Eye Sitting Red Panda",,"http://media.asicdn.com/images/jpgb/24430000/24430120.jpg",,"STUFFED ANIMALS & TOYS",,"","","","","",,,"CHINA",,,,,,,"Unimprinted",,"","","Y","","","",,,"Y",,"","","",,"","","","",,"We provide free shipping to all ASI members with in the 48 contiguous states with no minimum purchase required.","N","",,,,,,"",,,"24",,,,,,,,,,"13.20",,,,,,,,,,"R",,,,,,,,,,,"N/A",,"USD",,"List",,,,,,,,,,,,,,,,,,,,,,,,,,,,,,,,,,,,,,,,,,,,,,,,,,,"N",,,,,,"Promotional","N",,,"Y","None",,,,
550191940,"Soft Plush Panda with Tee","",,,,,"Super soft plush panda. Can be posed in both a standing and sitting position. Dressed in one of 18 personalizable color t-shirts. Perfect for promotional events, trade show giveaway, marketing incentive, fundraising campaigns, parties and anniversaries.  We offer the item in both 8"" and 12"" (in standing position).",,"http://media.asicdn.com/images/jpgb/21350000/21351413.jpg",,"STUFFED ANIMALS & TOYS",,"White,Heather Gray,Black,Forest Green,Kelly Green,Turquoise,Baby Blue,Royal Blue,Navy Blue,Burnt Orange,Tan,Golden Yellow,Orange,Lavender,Dark Purple,Pink,Burgundy,Red","Cotton-Polyester","","","",,,"CHINA",,,,,,,"Heat Transfer, Unimprinted",,"","4c printing","Y","Y","5cm (width) x 4cm (height) for 8"", 8cm (width) x 6.5cm (height) for 12""","Center of Chest",,,"Y",,"3,5","Y","1:	",,"hang tag, Poly Bag","24:per Case","17:in;12:in;9:in","5:lbs",,"We ship different sizes of boxes to accommodate different order quantities.","N","",,,,,,"8 """,,,"24","96","252","504","1008",,,,,,"7.99","7.69","6.89","6.19","5.99",,,,,,"R","R","R","R","R",,,,,,,"4C Logo Imprint On Tee.",,"USD",,"List","1 business days","RUSH:1",,"Rush Service Charge","Other","Required","1",,,,,,,,,,"20.00",,,,,,,,,,"Z",,,,,,,,,,"Only applies to orders less than 200 pcs.",,,,,,,,,,,,,,"N",,,,,,"Promotional","N",,,"Y","None",,,,
550596376,"Soft Plush Stuffed Panda in denim overall.","",,,,,"Super soft plush panda in a denim overall.  The casual look makes it a great promotional plush item that works for many occassions. We offer the item in both 8"" and 12"" (in standing position).  Plush toy, stuffed animal, wild animal.",,"http://media.asicdn.com/images/jpgb/22430000/22437978.jpg",,"STUFFED ANIMALS & TOYS",,"Blue","Cotton,Polyester","","","",,,"CHINA",,,,,,,"Heat Transfer, Unimprinted",,"Art Services (JPEG with minimum 300 dpi), Pre-production Proof (Upon request.), Virtual Proof (1-2 business days.)","4c printing","Y","Y","2"" (width) x 1.25"" (height) for 8"", 3"" (width) x 2"" (height) for 12""","Center of chest",,,"Y",,"3,5","Y","1:	",,"Poly Bag","24:per Case","17:in;12:in;9:in","5:lbs",,"We ship different sizes of boxes to accommodate different order quantities.","N","",,,,,,"8 """,,,"24","96","252","504","1008",,,,,,"9.62","9.36","8.35","7.49","7.22",,,,,,"R","R","R","R","R",,,,,,,"4C Logo Imprint On Denim Overall.",,"USD",,"List",,,,,,,,,,,,,,,,,,,,,,,,,,,,,,,,,,,,,,,,,,,,,,,,,,,"N",,,,,,"Promotional","N",,,"Y","None",,,,
550596326,"Soft Plush Stuffed Panda with Cheerleader Outfit","",,,,,"Super soft plush panda dressed in a cheerleader outfit.  A great promotional item for school activities, sports events, fundraising campaigns, and many other special occasions. We offer the item in both 8"" and 12"" (in standing position).  Cheerleader outfit is available in 3 color options: Red, Royal Blue, and Pink. Plush toy, stuffed animal, wild animal.",,"http://media.asicdn.com/images/jpgb/22420000/22429886.jpg",,"STUFFED ANIMALS & TOYS",,"Royal Blue,Red,Pink","Polyester","","","",,,"CHINA",,,,,,,"Heat Transfer, Unimprinted",,"Art Services (JPEG with minimum 300 dpi), Pre-production Proof (Upon request.), Virtual Proof (1-2 business days.)","4c printing","Y","Y","2"" (width) x 1.5"" (height) for 8"", 3"" (width) x 2"" (height) for 12""","Center of the chest",,,"Y",,"3,5","Y","1:	",,"Poly Bag","24:per Case","17:in;12:in;9:in","5:lbs",,"We ship different sizes of boxes to accommodate different order quantities.","N","",,,,,,"8 """,,,"24","96","252","504","1008",,,,,,"9.98","9.73","8.68","7.80","7.52",,,,,,"R","R","R","R","R",,,,,,,"4C Logo Imprint On Outfit.",,"USD",,"List",,,,,,,,,,,,,,,,,,,,,,,,,,,,,,,,,,,,,,,,,,,,,,,,,,,"N",,,,,,"Promotional","N",,,"Y","None",,,,
550323154,"10"" Domino Panda","",,,,,"Domino is a soft 10"" black and white panda with big feet and is best decorated with an imprinted t-shirt. Pandas make great zoo souvenirs and are the perfect add-on to companion gift promotions for international travel services. This stuffed animal is from our Premium line of plush toys. This product complies with all U.S. Consumer Product Safety Improvement Act (CPSIA) product safety requirements. Safe for children of all ages.",,"http://media.asicdn.com/images/jpgb/21220000/21227404.jpg",,"STUFFED ANIMALS & TOYS",,"Black,White","","Dimension","Length:10:in","",,,"CHINA",,,,,,,"",,"","","","Y","","",,,"Y",,"10","","",,"Bulk","50:per Case","23:in;19:in;16:in","26:lbs",,"","N","",,,,,,"10"" Domino Panda",,,"100","500","1000",,,,,,,,"14.00","12.61","12.31",,,,,,,,"R","R","R",,,,,,,,,"Product priced as shown. Contact us for additional accessory and imprint options.",,"USD",,"List",,,,,,,,,,,,,,,,,,,,,,,,,,,,,,,,,,,,,,,,,,,,,,,,,,,"N",,,,,,"Promotional","N",,,"Y","None",,,,
550596316,"Soft Plush Stuffed Panda with Bandana","",,,,,"Super soft plush panda with logo imprinted bandana.  A very cost effective item for pomotional events, trade show giveaway, marketing incentive, fundraising campaigns, party favors or prizes, and many more. We offer the item in both 8"" and 12"" (in standing position).  Bandana is available in 4 color options: Red, Royal Blue, Kelly Green, and Dark Purple. Plush toy, stuffed animal, wild animal.",,"http://media.asicdn.com/images/jpgb/22430000/22437382.jpg",,"STUFFED ANIMALS & TOYS",,"Kelly Green,Royal Blue,Dark Purple,Red","Cotton,Polyester","","","",,,"CHINA",,,,,,,"Heat Transfer, Unimprinted",,"Art Services (JPEG with minimum 300 dpi), Pre-production Proof (Upon request.), Virtual Proof (1-2 business days.)","4c printing","Y","Y","2"" (width) x 1"" (height) for 8"", 3"" (width) x 1.5"" (height) for 12""","Center of the bandana",,,"Y",,"3,5","Y","1:	",,"Poly Bag","24:per Case","17:in;12:in;9:in","5:lbs",,"We ship different sizes of boxes to accommodate different order quantities.","N","",,,,,,"8 """,,,"24","96","252","504","1008",,,,,,"7.25","7.05","6.27","5.60","5.42",,,,,,"R","R","R","R","R",,,,,,,"4C Logo Imprint On Bandana.",,"USD",,"List",,,,,,,,,,,,,,,,,,,,,,,,,,,,,,,,,,,,,,,,,,,,,,,,,,,"N",,,,,,"Promotional","N",,,"Y","None",,,,
550797231,"6"" Lil' Red Panda with vest and one color imprint","",,,,,"This is our soft 6"" Lil' Red Panda that is best decorated with an imprinted bandana or vest. Pandas make great promotional items for zoos and wildlife exhibits. This stuffed animal is from our Premium line of plush toys. This product complies with all U.S. Consumer Product Safety Improvement Act (CPSIA) product safety requirements. Safe for children of all ages.",,"http://media.asicdn.com/images/jpgb/23120000/23129490.jpg",,"STUFFED ANIMALS & TOYS",,"Brown-Black","","Dimension","Length:6:in","",,,"CHINA",,,,,,,"",,"","","","Y","","",,,"Y",,"10","","",,"Bulk","","","",,"","N","",,,,,,"6"" Lil Buddy",,,"100","500","1000",,,,,,,,"7.50","6.77","6.62",,,,,,,,"R","R","R",,,,,,,,,"Product priced as shown. Contact us for additional accessory and imprint options.",,"USD",,"List",,,,,,,,,,,,,,,,,,,,,,,,,,,,,,,,,,,,,,,,,,,,,,,,,,,"N",,,,,,"Promotional","N",,,"Y","None",,,,
550596463,"Soft Plush Stuffed Panda in scrub shirt","",,,,,"Super soft plush panda in a scrub shirt.  A great promotional item for hospitals, medical centers, and individual clinics. We offer the item in both 8"" and 12"" (in standing position).  Plush toy, stuffed animal, wild animal.",,"http://media.asicdn.com/images/jpgb/22430000/22437587.jpg",,"STUFFED ANIMALS & TOYS",,"Turquoise","Cotton,Polyester","","","",,,"CHINA",,,,,,,"Heat Transfer, Unimprinted",,"Art Services (JPEG with minimum 300 dpi), Pre-production Proof (Upon request.), Virtual Proof (1-2 business days.)","4c printing","Y","Y","1.5"" (width) x 1.5"" (height) for 8"", 2.5"" (width) x 2"" (height) for 12""","Right chest area",,,"Y",,"3,5","Y","1:	",,"Poly Bag","24:per Case","17:in;12:in;9:in","5:lbs",,"We ship different sizes of boxes to accommodate different order quantities.","N","",,,,,,"8 """,,,"24","96","252","504","1008",,,,,,"8.71","8.45","7.52","6.72","6.45",,,,,,"R","R","R","R","R",,,,,,,"4C Logo Imprint On Scrub Shirt.",,"USD",,"List",,,,,,,,,,,,,,,,,,,,,,,,,,,,,,,,,,,,,,,,,,,,,,,,,,,"N",,,,,,"Promotional","N",,,"Y","None",,,,
550596493,"Soft Plush Stuffed Panda with Christmas Hat and Scarf","",,,,,"Super soft plush panda with Christmas scarf and hat.  A perfect promotional item or personalized gift for the holiday season. We offer the item in both 8"" and 12"" (in standing position).  Plush toy, stuffed animal, wild animal.",,"http://media.asicdn.com/images/jpgb/22430000/22437850.jpg",,"STUFFED ANIMALS & TOYS",,"Red","Polyester","","","",,,"CHINA",,,,,,,"Heat Transfer, Unimprinted",,"Art Services (JPEG with minimum 300 dpi), Pre-production Proof (Upon request.), Virtual Proof (1-2 business days.)","4c printing","Y","Y","2"" (width) x .5"" (height) for 8"", 3"" (width) x 1"" (height) for 12""","Bottom outside of the scarf",,,"Y",,"3,5","Y","1:	",,"Poly Bag","24:per Case","17:in;12:in;9:in","5:lbs",,"We ship different sizes of boxes to accommodate different order quantities.","N","",,,,,,"8 """,,,"24","96","252","504","1008",,,,,,"9.44","9.16","8.15","7.29","6.98",,,,,,"R","R","R","R","R",,,,,,,"4C Logo Imprint On Scrub Shirt.",,"USD",,"List",,,,,,,,,,,,,,,,,,,,,,,,,,,,,,,,,,,,,,,,,,,,,,,,,,,"N",,,,,,"Promotional","N",,,"Y","None",,,,
550431565,"Soft Plush Panda in Graduation Cap & Gown Stuffed Animal","",,,,,"Super soft plush panda in graduation cap and gown with logo imprint.  Perfect gift or recruiting giveaway for new graduates. We offer the item in both 8"" and 12"" (in standing position).  Graduation Cap and Gown are available in either BLACK or ROYAL BLUE color. Plush toy, stuffed animal, wild animal.",,"http://media.asicdn.com/images/jpgb/21710000/21714283.jpg",,"STUFFED ANIMALS & TOYS",,"Black,Royal","Cotton-Polyester","","","",,,"CHINA",,,,,,,"Heat Transfer",,"","4c printing","","","","",,,"Y",,"3,5","Y","1:	",,"","","","",,"","N","",,,,,,"8 """,,,"24","96","252","504","1008",,,,,,"10.53","10.25","9.15","8.14","7.83",,,,,,"R","R","R","R","R",,,,,,,"4C Logo Imprint On Tee.",,"USD",,"List",,,,,,,,,,,,,,,,,,,,,,,,,,,,,,,,,,,,,,,,,,,,,,,,,,,"N",,,,,,"Promotional","N",,,"Y","None",,,,
550549695,"12"" Pink Panda","",,,,,"This is a soft 12"" pink panda is best decorated with an imprinted bandana. Pandas make great zoo souvenirs and are the perfect add-on to companion gift promotions for international travel services. This stuffed animal is from our Pink line of plush toys. This product complies with all U.S. Consumer Product Safety Improvement Act (CPSIA) product safety requirements. Safe for children of all ages.",,"http://media.asicdn.com/images/jpgb/22180000/22183430.jpg",,"STUFFED ANIMALS & TOYS",,"Pink,White","","Dimension","Length:12:in","",,,"CHINA",,,,,,,"",,"","","","Y","","",,,"Y",,"10","","",,"Bulk","40:per Case","23:in;19:in;16:in","32:lbs",,"","N","",,,,,,"12"" Pink Panda",,,"100","500","1000",,,,,,,,"14.99","13.53","13.22",,,,,,,,"R","R","R",,,,,,,,,"Product priced as shown. Contact us for accessory and imprint options.",,"USD",,"List",,,,,,,,,,,,,,,,,,,,,,,,,,,,,,,,,,,,,,,,,,,,,,,,,,,"N",,,,,,"Promotional","N",,,"Y","None",,,,
550363886,"Soft Plush Panda in Baby Sleep Bag Stuffed Animal","",,,,,"Super soft plush panda in baby sleep bag with logo imprint. Perfect gift for children who like to hold on to something soft and cuddly.  Works great for hospitals and medical centers as a giveaway toy. We offer the item in both 8"" and 12"" (in standing position).  Baby sleep bag is available in either BLUE or PINK color. Plush toy, stuffed animal, wild animal.",,"http://media.asicdn.com/images/jpgb/21680000/21681826.jpg",,"STUFFED ANIMALS & TOYS",,"Pink,Light Blue","Cotton-Polyester","","","",,,"CHINA",,,,,,,"Heat Transfer",,"","4c printing","","","","",,,"Y",,"3,5","Y","1:	",,"Poly Bag","24:per Case","17:in;12:in;9:in","5:lbs",,"","N","",,,,,,"8 """,,,"24","96","252","504","1008",,,,,,"9.27","9.00","8.00","7.15","6.92",,,,,,"R","R","R","R","R",,,,,,,"4C Logo Imprint On Tee.",,"USD",,"List",,,,,,,,,,,,,,,,,,,,,,,,,,,,,,,,,,,,,,,,,,,,,,,,,,,"N",,,,,,"Promotional","N",,,"Y","None",,,,
550489894,"10 Domino Panda with T-shirt and full color imprint","",,,,,"Domino is a soft 10"" black and white panda with big feet and is best decorated with an imprinted t-shirt. Pandas make great zoo souvenirs and are the perfect add-on to companion gift promotions for international travel services. This stuffed animal is from our Premium line of plush toys. This product complies with all U.S. Consumer Product Safety Improvement Act (CPSIA) product safety requirements. Safe for children of all ages.",,"http://media.asicdn.com/images/jpgb/22000000/22004495.jpg",,"STUFFED ANIMALS & TOYS",,"Black,White","","Dimension","Length:10:in","",,,"CHINA",,,,,,,"",,"","","","Y","","",,,"Y",,"10","","",,"Bulk","50:per Case","23:in;19:in;16:in","26:lbs",,"","N","",,,,,,"10"" Domino Panda",,,"100","500","1000",,,,,,,,"16.17","14.62","14.31",,,,,,,,"R","R","R",,,,,,,,,"Product priced as shown. Contact us for additional accessory and imprint options.",,"USD",,"List",,,,,,,,,,,,,,,,,,,,,,,,,,,,,,,,,,,,,,,,,,,,,,,,,,,"N",,,,,,"Promotional","N",,,"Y","None",,,,
551151867,"6"" Lil Panda","",,,,,"This is a soft 6"" Lil Panda that is best decorated with an imprinted vest. This ""big"" bear shows pride in your school. It's good to be the king in your business. This stuffed animal is from our Premium line of plush toys. This product complies with all U.S. Consumer Product Safety Improvement Act (CPSIA) product safety requirements. Safe for children of all ages.",,"http://media.asicdn.com/images/jpgb/24320000/24329104.jpg",,"STUFFED ANIMALS & TOYS",,"Gold","","Dimension","Length:6:in","",,,"CHINA",,,,,,,"",,"","","","Y","","",,,"Y",,"10","","",,"Bulk","","","",,"","N","",,,,,,"6"" Lil Buddy",,,"100","500","1000",,,,,,,,"5.83","5.23","5.08",,,,,,,,"R","R","R",,,,,,,,,"Product priced as shown. Contact us for additional accessory and imprint options.",,"USD",,"List",,,,,,,,,,,,,,,,,,,,,,,,,,,,,,,,,,,,,,,,,,,,,,,,,,,"N",,,,,,"Promotional","N",,,"Y","None",,,,
200276786,"8"" Mei Mei Panda Bear","",,,,,"Mei Mei is a soft 8"" black and white panda that is best decorated with an imprinted vest. Pandas make great zoo souvenirs and are the perfect add-on to companion gift promotions for international travel services. This stuffed animal is from our Premium line of plush toys. This product complies with all U.S. Consumer Product Safety Improvement Act (CPSIA) product safety requirements. Safe for children of all ages.",,"http://media.asicdn.com/images/jpgb/7500000/7503813.jpg",,"STUFFED ANIMALS & TOYS,STUFFED ANIMALS & TOYS ACCESSORIES",,"White-Black","","Dimension","Length:8:in","",,,"CHINA",,,,,,,"Unimprinted",,"","","Y","Y","","",,,"Y",,"10","","",,"Bulk-packed in master cartons;  individual bag-pricing available upon request., Bulk","","","",,"","N","",,,,,,"8"" Mei Mei Panda Bear",,,"100","500","1000",,,,,,,,"6.84","6.16","6.01",,,,,,,,"R","R","R",,,,,,,,,"Product priced as shown. Contact us for additional accessory and imprint options.",,"USD",,"List",,,,,,,,,,,,,,,,,,,,,,,,,,,,,,,,,,,,,,,,,,,,,,,,,,,"N",,,,,,"Promotional","N",,,"Y","None",,,,
550628631,"Mommy and Baby Panda","",,,,,"The 13"" Mommy and 7"" Baby Panda are best decorated with imprinted bandanas. Mommy and Baby are a perfect giveaway for doctors offices and even hospitals. This stuffed animal is from our Premium line of plush toys. This product complies with all U.S. Consumer Product Safety Improvement Act (CPSIA) product safety requirements. Safe for children of all ages.",,"http://media.asicdn.com/images/jpgb/22480000/22489612.jpg",,"STUFFED ANIMALS & TOYS",,"Black-White","","Dimension","Length:13:in","",,,"CHINA",,,,,,,"",,"","","","Y","","",,,"Y",,"10","","",,"Bulk","50:per Case","19:in;23:in;16:in","24:lbs",,"","N","",,,,,,"Mommy and Baby Panda",,,"100","500","1000",,,,,,,,"18.42","16.62","16.23",,,,,,,,"R","R","R",,,,,,,,,"Product priced as shown. Contact us for additional accessory and imprint options.",,"USD",,"List",,,,,,,,,,,,,,,,,,,,,,,,,,,,,,,,,,,,,,,,,,,,,,,,,,,"N",,,,,,"Promotional","N",,,"Y","None",,,,
550581685,"10"" Panda with t-shirt and one color imprint","",,,,,"This is a soft 10"" black and white panda best decorated with an imprinted t-shirt. Pandas make great zoo souvenirs and are the perfect add-on to companion gift promotions for international travel services. This stuffed animal is from our Limited Edition line of plush toys. This product complies with all U.S. Consumer Product Safety Improvement Act (CPSIA) product safety requirements. Safe for children of all ages.",,"http://media.asicdn.com/images/jpgb/23260000/23261576.jpg",,"STUFFED ANIMALS & TOYS",,"Black,White","","Dimension","Length:10:in","",,,"CHINA",,,,,,,"Heat Transfer",,"","","","Y","","",,,"Y",,"10","","",,"Bulk","50:per Case","23:in;19:in;16:in","50:lbs",,"","N","",,,,,,"10"" Panda",,,"100","500","1000",,,,,,,,"10.67","9.62","9.38",,,,,,,,"R","R","R",,,,,,,,,"Product priced as shown. Contact us for additional accessory and imprint options.",,"USD",,"List","Heat Transfer","IMMD:Heat Transfer",,"Imprint Method Charge","Other","Required","1",,,,,,,,,,"40.00",,,,,,,,,,"Z",,,,,,,,,,"",,,,,,,,,,,,,,"N",,,,,,"Promotional","N",,,"Y","None",,,,
200304013,"8"" Mei Mei Panda with vest one color imprint.","",,,,,"Mei Mei is a soft 8"" black and white panda best decorated with an imprinted vest. Pandas make great zoo souvenirs and are the perfect add-on to companion gift promotions for international travel services. This stuffed animal is from our Premium line of plush toys. This product complies with all U.S. Consumer Product Safety Improvement Act (CPSIA) product safety requirements. Safe for children of all ages.",,"http://media.asicdn.com/images/jpgb/21680000/21680659.jpg",,"STUFFED ANIMALS & TOYS,STUFFED ANIMALS & TOYS ACCESSORIES",,"Black,White","","Dimension","Length:8:in","",,,"CHINA",,,,,,,"Unimprinted",,"","","Y","Y","","",,,"Y",,"10","","",,"Bulk-packed in master cartons;  individual bag-pricing available upon request., Bulk","","","",,"","N","",,,,,,"Mei Mei Panda with vest one color imprint.",,,"100","500","1000",,,,,,,,"8.50","7.69","7.54",,,,,,,,"R","R","R",,,,,,,,,"Product priced as shown. Contact us for additional accessory and imprint options.",,"USD",,"List",,,,,,,,,,,,,,,,,,,,,,,,,,,,,,,,,,,,,,,,,,,,,,,,,,,"N",,,,,,"Promotional","N",,,"Y","None",,,,
5675926,"Emerson Stuffed Panda Bear","",,,,,"Stuffed 10"" Emerson stuffed Panda bear with embroidered eyes and nose.",,"http://media.asicdn.com/images/jpgb/6180000/6185547.jpg",,"STUFFED ANIMALS & TOYS",,"Black-White","","Dimension","Length:10:in","",,,"CHINA",,,,,,,"Printed, Unimprinted",,"","Black, Red, Royal Blue, White","Y","Y","2.5"" x 1.5""","",,,"Y",,"","Y","",,"Bulk","","","",,"","N","",,,,,,"Emerson Stuffed Panda Bear",,,"48","96","240","600","1008",,,,,,"7.52","7.29","6.39","6.07","5.77",,,,,,"R","R","R","R","R",,,,,,,"one color imprint.",,"USD",,"List","Printed, Unimprinted (Sold Unimprinted)","IMMD:Printed, Unimprinted (Sold Unimprinted)",,"Set-up Charge","Other","Required","1",,,,,,,,,,"25.00",,,,,,,,,,"Z",,,,,,,,,,"",,,,,,,,,,,,,,"N",,,,,,"Promotional","N",,,"Y","None",,,,
550493058,"Stuffed Panda Toy","",,,,,"Stuffed Panda with t-shirt, 9"". T-shirt is included. Available with embroidered eyes and nose.",,"http://media.asicdn.com/images/jpgb/4830000/4835030.jpg",,"STUFFED ANIMALS & TOYS",,"","","Dimension","Length:9:in","",,,"CHINA",,,,,,,"Printed, Unimprinted",,"","Black, Red, Royal Blue, White","Y","Y","2.5"" x 1.5""","",,,"Y",,"","Y","",,"Bulk","","","",,"","N","",,,,,,"Stuffed Panda Toy",,,"48","96","250","500","1008",,,,,,"7.92","7.68","6.74","6.40","6.08",,,,,,"R","R","R","R","R",,,,,,,"1 color imprint.",,"USD",,"List","Printed, Unimprinted (Sold Unimprinted)","IMMD:Printed, Unimprinted (Sold Unimprinted)",,"Set-up Charge","Other","Required","1",,,,,,,,,,"25.00",,,,,,,,,,"Z",,,,,,,,,,"",,,,,,,,,,,,,,"N",,,,,,"Promotional","N",,,"Y","None",,,,
550166729,"30-Piece Giant Panda Jigsaw Puzzle","",,,,,"30-Piece Giant Panda Jigsaw Puzzle - These durable puzzles resist peeling, fading, and creasing, so the stunning high-gloss artwork will look great for years to come! 30 Pieces. Ages 3+. 10.75"" x 7.25"" x 1.75"" pkg.",,"http://media.asicdn.com/images/jpgb/22080000/22083418.jpg",,"Puzzles & Tricks-Jigsaw",,"","cardboard","Dimension","Length:14.25:in;Width:10.25:in","",,,"CHINA",,,,,,,"",,"","","","","","",,,"Y",,"","","",,"","","","",,"","N","",,,,,,"30-Piece Giant Panda Jigsaw Puzzle",,,"1",,,,,,,,,,"6.99",,,,,,,,,,"R",,,,,,,,,,,"N/A",,"USD",,"List",,,,,,,,,,,,,,,,,,,,,,,,,,,,,,,,,,,,,,,,,,,,,,,,,,,"N",,,,,,"Promotional","N",,,"Y","None",,,,
550492185,"Quincy Series Stuffed Panda Toy","",,,,,"Stuffed 5"" Panda with t-shirt. Available with embroidered eyes and nose.",,"http://media.asicdn.com/images/jpgb/21210000/21211598.jpg",,"STUFFED ANIMALS & TOYS",,"","","Dimension","Length:5:in","",,,"CHINA",,,,,,,"Printed, Unimprinted",,"","Black, Red, Royal Blue, White","Y","Y","2"" x 1""","",,,"Y",,"","Y","",,"Bulk","","","",,"","N","",,,,,,"Quincy Series Stuffed Panda Toy",,,"48","96","250","500","1008",,,,,,"5.21","5.05","4.43","4.21","4.00",,,,,,"R","R","R","R","R",,,,,,,"One color imprint",,"USD",,"List","Printed, Unimprinted (Sold Unimprinted)","IMMD:Printed, Unimprinted (Sold Unimprinted)",,"Set-up Charge","Other","Required","1",,,,,,,,,,"25.00",,,,,,,,,,"Z",,,,,,,,,,"",,,,,,,,,,,,,,"N",,,,,,"Promotional","N",,,"Y","None",,,,
6158699,"Jumbo Panda","",,,,,"What's black and white and loved all over?  This panda is over two feet tall and ready to hug.  Featuring excellent quality construction, soft, furry fabric and an endearing expression.  Soft and huggable, this will appeal to bear lovers of every age. Ages 2+.",,"http://media.asicdn.com/images/jpgb/22070000/22073798.jpg",,"STUFFED ANIMALS & TOYS",,"Black,White","Plush","Dimension","Length:30:in;Width:30:in;Height:27:in","Bear",,,"CHINA",,,,,,,"Embroidered, Unimprinted",,"","many options","Y","Y","","",,,"Y",,"5","Y","3:	",,"Shrink Wrap, Poly Bag","2:per Case","27.5:in;19.75:in;23.75:in","16:lbs",,"6.50","N","",,,,,,"Jumbo panda",,,"1",,,,,,,,,,"79.99",,,,,,,,,,"R",,,,,,,,,,,"N/A",,"USD",,"List",,,,,,,,,,,,,,,,,,,,,,,,,,,,,,,,,,,,,,,,,,,,,,,,,,,"N",,,,,,"Promotional","N",,,"Y","None",,,,
550492994,"10"" Stuffed Panda","",,,,,"Stuffed Panda with t-shirt, 10"" toy. T-shirt is included.",,"http://media.asicdn.com/images/jpgb/4830000/4835079.jpg",,"STUFFED ANIMALS & TOYS",,"","","Dimension","Length:10:in","",,,"CHINA",,,,,,,"Printed, Unimprinted",,"","Black, Red, Royal Blue, White","Y","Y","2.5"" x 1.5""","",,,"Y",,"","Y","",,"Bulk","","","",,"","N","",,,,,,"10"" Stuffed Panda",,,"48","96","250","500","1008",,,,,,"7.21","7.00","6.14","5.83","5.54",,,,,,"R","R","R","R","R",,,,,,,"animal with t-shirt and 1 color imprint",,"USD",,"List","Printed, Unimprinted (Sold Unimprinted)","IMMD:Printed, Unimprinted (Sold Unimprinted)",,"Set-up Charge","Other","Required","1",,,,,,,,,,"25.00",,,,,,,,,,"Z",,,,,,,,,,"",,,,,,,,,,,,,,"N",,,,,,"Promotional","N",,,"Y","None",,,,
550502127,"6"" Thorton Panda","",,,,,"6"" Thorton panda. T-shirt is included.",,"http://media.asicdn.com/images/jpgb/22040000/22042323.jpg",,"STUFFED ANIMALS & TOYS,Toys-General",,"","","Dimension","Length:6:in","",,,"CHINA",,,,,,,"Printed",,"","Black, Red 185, Royal Blue 293, White","","Y","2""w x 1""h","T-shirt",,,"Y",,"8","","",,"","","","",,"","N","",,,,,,"6"" Thorton Panda",,,"48","96","250","500","1000",,,,,,"4.56","4.37","3.91","3.77","3.66",,,,,,"R","R","R","R","R",,,,,,,"t-shirt and 1 color imprint",,"USD",,"List","Printed","IMMD:Printed",,"Set-up Charge","Per Order","Required","1",,,,,,,,,,"25.00",,,,,,,,,,"Z",,,,,,,,,,"per color",,,,,,,,,,,,,,"N",,,,,,"Promotional","N",,,"Y","None",,,,
551084376,"Cute Panda Backpack","",,,,,"This product is made of PU and terylene, it can let you look cute. The bags show China's national precious animal.",,"http://media.asicdn.com/images/jpgb/24050000/24059747.jpg",,"BACKPACKS,Bags-General",,"Black,Purple,Gray,Pink","Terylene,Polyurethane (PUR or PU)","Dimension","Length:7.08:in;Width:9.45:in;Height:4.72:in","",,,"CHINA",,,,,,,"Digital painting, Printed",,"Art Services, Paper Proof, Pre-production Proof, Virtual Proof","all colors","","","","",,,"Y",,"30","","",,"Case","100:per Carton","","38:kg",,"","N","",,,,,,"",,,"300","5000","10000",,,,,,,,"12.45","10.65","10.49",,,,,,,,"R","R","R",,,,,,,,,"N/A",,"USD",,"List",,,,,,,,,,,,,,,,,,,,,,,,,,,,,,,,,,,,,,,,,,,,,,,,,,,"N",,,,,,"Promotional","N",,,"Y","None",,,,
550498443,"Panda Wall Charger","",,,,,"The Panda USB wall charger makes charging your devices quick and easy with this fast and efficient charger. It provides a quick and safe charge to your mobile and USB-powered devices. This stylish single port charger is available is a variety of colors, great for silkscreen or full color imprinted logos. Intelligent chip features a protection circuit that prevents overcharging, over voltage and short circuiting. It's small and compact so it takes up minimal space in your briefcase or purse.",,"http://media.asicdn.com/images/jpgb/22030000/22032724.jpg",,"BATTERY RECHARGERS & ADAPTORS-GENERAL,Mobile Accessories-General,PHONE ACCESSORIES",,"Black,White,Blue,Yellow,Magenta","ABS","Dimension","Length:1.95:in;Width:2.13:in;Height:1.03:in","",,,"CHINA",,,,,,,"Full Color, Silkscreen",,"","","","","0.89"" x 0.88""","",,,"Y",,"7,9","","",,"Poly Bag","100:per Case","","7:lbs",,"Free ground shipping to one location within the 48 states.","N","",,,,,,"Panda Wall Charger",,,"100","250","500","1000","2500",,,,,,"3.97","3.91","3.81","3.71","3.51",,,,,,"R","R","R","R","R",,,,,,,"Free ground shipping to 1 location within 48 states, Free 1 color imprint, Free 1 color set up.",,"USD",,"List","Silkscreen, Full Color","IMMD:Silkscreen, Full Color",,"Imprint Method Charge","Other","Required","1",,,,,,,,,,"0.25",,,,,,,,,,"Z",,,,,,,,,,"",,,,,,,,,,,,,,"N",,,,,,"Promotional","N",,,"Y","None",,,,
6842648,"Panda Hat - Child Size","",,,,,"Keep kids warm and cute this winter with a plush panda hat. Flaps on the side of the hat will keep ears warm. Hand wash and line dry. 11 1/4""W. Flaps extend 10"". Ages 3 and up. Stock up on all your costume accessory and hat needs with us. We have a wide selection of novelty, career, costume and whimsical hats to suit any occasion. You'll be sure to find the right hat for your next party or custom with us.",,"http://media.asicdn.com/images/jpgb/7250000/7254047.jpg",,"Caps & Hats-Novelty",,"","Polyester","","","Panda",,,"CHINA",,,,,,,"Full Color Process, Printed, Unimprinted",,"","","Y","Y","","",,,"Y",,"","","",,"","","","",,"","N","",,,,,,"Panda Hat - Child Size",,,"",,,,,,,,,,"QUR",,,,,,,,,,"R",,,,,,,,,,,"N/A",,"USD",,"List","Printed, Full Color Process, Unimprinted","IMMD:Printed, Full Color Process, Unimprinted",,"Set-up Charge","Per Order","Required","1",,,,,,,,,,"56.25",,,,,,,,,,"Z",,,,,,,,,,"",,,,,,,,,,,,,,"N",,,,,,"Promotional","N",,,"Y","None",,,,
200250615,"Panda Magnet","",,,,,"Panda  suncatcher style magnet with the look of stained glass, features vibrant hand painted epoxy coloring. Made of die cast metal in Natural Pewter Tone finish for a high quality look (electroplated silvertone finish also available at additional cost). Custom imprint can be added in middle. Combine key chains, magnets or ornaments for quantity pricing. 2.25 x 2.9.  American Made",,"http://media.asicdn.com/images/jpgb/21090000/21091842.jpg",,"Magnets-Memo Holder",,"Multi color","Metal-Epoxy","Dimension","Length:2.25:in;Width:2.9:in","Panda",,,"CHINA",,,,,,,"Pad Print, Unimprinted",,"","Black, Blue, Green, Red, White","Y","Y","1.25"" x .25""","",,,"Y",,"10","Y","",,"","","","250 pcs = 18:lbs",,"","N","",,,,,,"Panda Magnet",,,"250","500","1000","2500","5000",,,,,,"2.25","1.98","1.78","1.72","1.68",,,,,,"R","R","R","R","R",,,,,,,"One color-one location custom imprint",,"USD",,"List","Pad Print, Unimprinted (Sold Unimprinted)","IMMD:Pad Print, Unimprinted (Sold Unimprinted)",,"Imprint Method Charge","Other","Required","1",,,,,,,,,,"40.00",,,,,,,,,,"Z",,,,,,,,,,"Imprint charge",,,,,,,,,,,,,,"N",,,,,,"Promotional","N",,,"Y","None",,,,
200250570,"Panda Ornament","",,,,,"Panda suncatcher style ornament with the look of stained glass, features vibrant hand painted epoxy coloring, includes a decorative metallic string to hang from.  Made of die cast metal in Natural Pewter Tone finish for a high quality look (electroplated silvertone finish also available at additional cost). Custom imprint can be added in middle. Combine key chains, magnets or ornaments for quantity pricing.  2.25 x 2.9   American Made",,"http://media.asicdn.com/images/jpgb/21090000/21091846.jpg",,"Ornaments-General",,"White,Black,Blue,Red,Green","Metal","Dimension","Length:2.25:in;Width:2.9:in","Panda",,,"CHINA",,,,,,,"Pad Print, Unimprinted",,"","Black, Blue, Green, Red, White","Y","Y","1.25"" x .25""","",,,"Y",,"10","Y","",,"","","","250 pcs = 18:lbs",,"","N","",,,,,,"Panda Ornament",,,"250","500","1000","2500","5000",,,,,,"2.25","1.98","1.78","1.72","1.68",,,,,,"R","R","R","R","R",,,,,,,"One color-one location custom imprint",,"USD",,"List",,,,,,,,,,,,,,,,,,,,,,,,,,,,,,,,,,,,,,,,,,,,,,,,,,,"N",,,,,,"Promotional","N",,,"Y","None",,,,
550113241,"PANDA ERASERS-6 PC","",,,,,"These Japanese style panda erasers are a great addition to any school supply list. Erasers are a fun addition to a goody bag or to hand out as a church or school carnival prize. 6 pieces per set.-Size 1 1/2 in. T.-6 per set",,"http://media.asicdn.com/images/jpgb/20550000/20551418.jpg",,"ERASERS",,"","","","","",,,"CHINA",,,,,,,"Unimprinted",,"","","Y","Y","","",,,"Y",,"","","",,"","","","",,"","N","",,,,,,"PANDA ERASERS-6 PC",,,"",,,,,,,,,,"QUR",,,,,,,,,,"R",,,,,,,,,,,"N/A",,"USD",,"List",,,,,,,,,,,,,,,,,,,,,,,,,,,,,,,,,,,,,,,,,,,,,,,,,,,"N",,,,,,"Promotional","N",,,"Y","None",,,,
5626550,"Foam Panda","",,,,,"9"" Panda foam-filled latex. 12 pieces in a bag.",,"http://media.asicdn.com/images/jpgb/6130000/6138957.jpg",,"FOAM NOVELTIES",,"","Foam","","","",,,"CHINA",,,,,,,"Full Color Process, Printed, Unimprinted",,"","","Y","Y","","",,,"Y",,"","","",,"","","","",,"","N","",,,,,,"Foam Panda",,,"",,,,,,,,,,"QUR",,,,,,,,,,"R",,,,,,,,,,,"N/A",,"USD",,"List","Printed, Full Color Process, Unimprinted","IMMD:Printed, Full Color Process, Unimprinted",,"Set-up Charge","Other","Required","1",,,,,,,,,,"56.25",,,,,,,,,,"Z",,,,,,,,,,"",,,,,,,,,,,,,,"N",,,,,,"Promotional","N",,,"Y","None",,,,
6817497,"Value Animal - Panda","",,,,,"6"" value panda with shirt.",,"http://media.asicdn.com/images/jpgb/5220000/5227013.jpg",,"STUFFED ANIMALS & TOYS",,"Black-White","","Dimension","Length:6:in","Panda",,,"CHINA",,,,,,,"Printed",,"Art Services (Typeset charge.), Pre-production Proof, Art proof charge","Black, Green, Navy Blue, Other Colors, Red, Royal Blue, White, Yellow","","Y","1.5"" w x 1"" h","",,,"Y",,"7,10","","",,"","","","",,"","N","",,,,,,"",,,"96","200","500","800","1200",,,,,,"5.98","5.73","5.14","5.06","4.98",,,,,,"R","R","R","R","R",,,,,,,"one color imprint on the shirt.",,"USD",,"List","Art Services (Typeset charge.), Pre-production Proof, Art proof charge","ARTW:Art Services (Typeset charge.), Pre-production Proof, Art proof charge",,"Artwork Charge","Other","Optional","1",,,,,,,,,,"18.75",,,,,,,,,,"Z",,,,,,,,,,"",,,,,,,,,,,,,,"N",,,,,,"Promotional","N",,,"Y","None",,,,
5006191,"Panda bear family toy","",,,,,"Squeaking rubber 4-pc panda bear family toy set with mom, one 1 1/2"" x 2"" x 3"" son and two 1 1/2"" x 1 1/2"" x 2"" babies. White with black markings. Great baby shower gift.",,"http://media.asicdn.com/images/jpgb/5650000/5651766.jpg",,"Toys-General",,"White","Rubber","Dimension","Length:7:in;Width:4 3/4:in;Height:3 3/4:in,Length:1 1/2:in;Width:2:in;Height:3:in,Length:1 1/2:in;Width:1 1/2:in;Height:2:in","Panda",,,"CHINA",,,,,,,"Pad Print, Unimprinted",,"","","Y","Y","1 1/4"" x 1/2"", 9/16"" x 3/8""","",,,"Y",,"7","Y","",,"","","","",,"","N","",,,,,,"Panda bear family toy",,,"50","100","300","600","1200","2500",,,,,"7.20","6.90","6.65","6.42","6.18","5.93",,,,,"R","R","R","R","R","R",,,,,,"one color, one location imprint.",,"USD",,"List","Pad Print, Unimprinted (Sold Unimprinted)","IMMD:Pad Print, Unimprinted (Sold Unimprinted)",,"Set-up Charge","Other","Required","1",,,,,,,,,,"38.75",,,,,,,,,,"Z",,,,,,,,,,"Imprint charge",,,,,,,,,,,,,,"N",,,,,,"Promotional","N",,,"Y","None",,,,
2816006,"Panda Bear","",,,,,"Rubber panda bear shape squeaking toy with removable hands and legs. Production time is 9 business days for in stock items.",,"http://media.asicdn.com/images/jpgb/7250000/7257529.jpg",,"Toys-General",,"","Rubber","Dimension","Length:2 1/4:in;Width:3:in;Height:5 1/2:in","Panda",,,"CHINA",,,,,,,"Silkscreen",,"","","","","3/4"" x 3/8""","",,,"Y",,"9","Y","1:	",,"","","","",,"","N","",,,,,,"Panda Bear",,,"50","100","300","600","1200",,,,,,"2.75","2.55","2.35","2.15","1.95",,,,,,"R","R","R","R","R",,,,,,,"One color/one location imprint for only one item A, B or C.",,"USD",,"List","Silkscreen","IMMD:Silkscreen",,"Set-up Charge","Other","Required","1",,,,,,,,,,"46.00",,,,,,,,,,"Z",,,,,,,,,,"Screen",,,,,,,,,,,,,,"N",,,,,,"Promotional","N",,,"Y","None",,,,
4505105,"Hand Puppet - Panda","",,,,,"9"" panda hand puppet with shirt.",,"http://media.asicdn.com/images/jpgb/5220000/5226977.jpg",,"PUPPETS,STUFFED ANIMALS & TOYS",,"Black-White","","Dimension","Length:9:in","Panda",,,"CHINA",,,,,,,"Printed",,"Art Services (Typeset charge.), Pre-production Proof, Art proof charge","Black, Green, Navy Blue, Other Colors, Red, Royal Blue, White, Yellow","","Y","2.25"" W x 1.5"" H","",,,"Y",,"7,10","","",,"","","","",,"","N","",,,,,,"",,,"24","200","500","800","1200",,,,,,"9.32","9.07","8.22","8.14","8.06",,,,,,"R","R","R","R","R",,,,,,,"one color imprint on the shirt.",,"USD",,"List","Art Services (Typeset charge.), Pre-production Proof, Art proof charge","ARTW:Art Services (Typeset charge.), Pre-production Proof, Art proof charge",,"Artwork Charge","Other","Optional","1",,,,,,,,,,"18.75",,,,,,,,,,"Z",,,,,,,,,,"",,,,,,,,,,,,,,"N",,,,,,"Promotional","N",,,"Y","None",,,,
6815891,"8"" Lying Beanie - Panda","",,,,,"8"" Lying Beanie, Panda with shirt. Ultra-soft microfiber monitor wipe shirts also available, keeps the dust off your computer screen!",,"http://media.asicdn.com/images/jpgb/5220000/5226837.jpg",,"STUFFED ANIMALS & TOYS",,"Black-White","","Dimension","Length:8:in","Panda",,,"CHINA",,,,,,,"Printed",,"Art Services (Typeset charge.), Pre-production Proof, Art proof charge","Black, Green, Navy Blue, Other Colors, Red, Royal Blue, White, Yellow","","Y","2"" w x 1.5"" h","",,,"Y",,"7,10","","",,"","","","",,"","N","",,,,,,"",,,"48","200","500","800","1200",,,,,,"7.48","7.23","6.52","6.45","6.37",,,,,,"R","R","R","R","R",,,,,,,"one color imprint on the shirt.",,"USD",,"List","Art Services (Typeset charge.), Pre-production Proof, Art proof charge","ARTW:Art Services (Typeset charge.), Pre-production Proof, Art proof charge",,"Artwork Charge","Other","Optional","1",,,,,,,,,,"18.75",,,,,,,,,,"Z",,,,,,,,,,"",,,,,,,,,,,,,,"N",,,,,,"Promotional","N",,,"Y","None",,,,
550993579,"Panda Music Speaker","",,,,,"The loudspeaker is made of ABS and PVC. Size of the product is 5 1/5'' x 5 1/5'' x 4 2/5''.It can connect all kinds of desktop computers, notebook computers, mobile phones, MP3 and other digital equipment. Comply with the EU ROHS standard.Good quailty guaranteed.",,"http://media.asicdn.com/images/jpgb/23810000/23817082.jpg",,"MUSIC BOXES,Speakers-General,Speakers-Wired",,"Black,White,Assorted","ABS","Dimension","Length:5 1/5:in;Width:5 1/5:in;Height:4 2/5:in","Custom Shapes,Any Shape",,,"CHINA",,,,,,,"Silkscreen, Unimprinted",,"","","Y","Y","","",,,"Y",,"30","Y","25:	",,"Bulk","48:per Carton","57 cm:in;43 cm:in;60 cm:in","21:kg",,"","N","",,,,,,"",,,"300","600","800","1000","10000",,,,,,"8.07","6.07","4.772","4.246","2.748",,,,,,"R","R","R","R","R",,,,,,,"N/A",,"USD",,"List",,,,,,,,,,,,,,,,,,,,,,,,,,,,,,,,,,,,,,,,,,,,,,,,,,,"N",,,,,,"Promotional","N",,,"Y","None",,,,
4483635,"Panda key holder","",,,,,"Panda shaped key chain.",,"http://media.asicdn.com/images/jpgb/7130000/7133726.jpg",,"FIGURINES,Key Holders-With Animal Novelty",,"","","Dimension","Length:3 1/4:in;Width:3/8:in","Panda",,,"CHINA",,,,,,,"Printed",,"","Black, Burgundy, Gold, Green, Navy, Orange, Process Blue, Purple, Red, Reflex Blue, Silver, Violet, Warm Red, White, Yellow","","","1/2"" x 3/4""","",,,"Y",,"","","",,"","","","",,"","N","",,,,,,"Panda key holder",,,"100","250","500","1000","2500",,,,,,"1.55","1.48","1.40","1.33","1.26",,,,,,"R","R","R","R","R",,,,,,,"N/A",,"USD",,"List","Printed","IMMD:Printed",,"Imprint Method Charge","Per Order","Required","1",,,,,,,,,,"50.00",,,,,,,,,,"Z",,,,,,,,,,"1 color 1 location imprinting., Imprint charge",,,,,,,,,,,,,,"N",,,,,,"Promotional","N",,,"Y","None",,,,
550498447,"Panda Wall Charger - Black","",,,,,"The Panda USB wall charger makes charging your devices quick and easy with this fast and efficient charger. It provides a quick and safe charge to your mobile and USB-powered devices. This stylish single port charger is available is a variety of colors, great for silkscreen or full color imprinted logos. Intelligent chip features a protection circuit that prevents overcharging, over voltage and short circuiting. It's small and compact so it takes up minimal space in your briefcase or purse.",,"http://media.asicdn.com/images/jpgb/22030000/22032725.jpg",,"BATTERY RECHARGERS & ADAPTORS-GENERAL,Mobile Accessories-General,PHONE ACCESSORIES",,"Black,White,Blue,Yellow,Magenta","ABS","Dimension","Length:1.95:in;Width:2.13:in;Height:1.03:in","",,,"CHINA",,,,,,,"Full Color, Silkscreen",,"","","","","0.89"" x 0.88""","",,,"Y",,"7,9","","",,"Poly Bag","100:per Case","","7:lbs",,"Free ground shipping to one location within the 48 states.","N","",,,,,,"Panda Wall Charger",,,"100","250","500","1000","2500",,,,,,"3.97","3.91","3.81","3.71","3.51",,,,,,"R","R","R","R","R",,,,,,,"Free ground shipping to 1 location within 48 states, Free 1 color imprint, Free 1 color set up.",,"USD",,"List","Silkscreen, Full Color","IMMD:Silkscreen, Full Color",,"Imprint Method Charge","Other","Required","1",,,,,,,,,,"25.00",,,,,,,,,,"Z",,,,,,,,,,"",,,,,,,,,,,,,,"N",,,,,,"Promotional","N",,,"Y","None",,,,
5006482,"Panda stress reliever","",,,,,"White-black panda shaped stress reliever.",,"http://media.asicdn.com/images/jpgb/5650000/5652183.jpg",,"Stress Relievers-General",,"White-Black","","Dimension","Length:3:in;Width:2 3/4:in;Height:4:in","Panda",,,"CHINA",,,,,,,"Pad Print, Unimprinted",,"","","Y","Y","1 1/8"" x 1/2""","",,,"Y",,"7","Y","",,"","","","",,"","N","",,,,,,"Panda stress reliever",,,"50","100","300","600","1200","2500",,,,,"2.88","2.68","2.48","2.28","2.18","2.08",,,,,"R","R","R","R","R","R",,,,,,"one color, one location imprint.",,"USD",,"List","Pad Print, Unimprinted (Sold Unimprinted)","IMMD:Pad Print, Unimprinted (Sold Unimprinted)",,"Set-up Charge","Other","Required","1",,,,,,,,,,"38.75",,,,,,,,,,"Z",,,,,,,,,,"Imprint charge",,,,,,,,,,,,,,"N",,,,,,"Promotional","N",,,"Y","None",,,,
550498448,"Panda Wall Charger - Magenta","",,,,,"The Panda USB wall charger makes charging your devices quick and easy with this fast and efficient charger. It provides a quick and safe charge to your mobile and USB-powered devices. This stylish single port charger is available is a variety of colors, great for silkscreen or full color imprinted logos. Intelligent chip features a protection circuit that prevents overcharging, over voltage and short circuiting. It's small and compact so it takes up minimal space in your briefcase or purse.",,"http://media.asicdn.com/images/jpgb/22030000/22032869.jpg",,"BATTERY RECHARGERS & ADAPTORS-GENERAL,Mobile Accessories-General,PHONE ACCESSORIES",,"Black,White,Blue,Yellow,Magenta","ABS","Dimension","Length:1.95:in;Width:2.13:in;Height:1.03:in","",,,"CHINA",,,,,,,"Full Color, Silkscreen",,"","","","","0.89"" x 0.88""","",,,"Y",,"7,9","","",,"Poly Bag","100:per Case","","7:lbs",,"Free ground shipping to one location within the 48 states.","N","",,,,,,"Panda Wall Charger",,,"100","250","500","1000","2500",,,,,,"3.97","3.91","3.81","3.71","3.51",,,,,,"R","R","R","R","R",,,,,,,"Free ground shipping to 1 location within 48 states, Free 1 color imprint, Free 1 color set up.",,"USD",,"List","Silkscreen, Full Color","IMMD:Silkscreen, Full Color",,"Imprint Method Charge","Other","Required","1",,,,,,,,,,"25.00",,,,,,,,,,"Z",,,,,,,,,,"",,,,,,,,,,,,,,"N",,,,,,"Promotional","N",,,"Y","None",,,,
6817711,"7"" Animal - Panda Bear","",,,,,"7"" panda bear with shirt.  We have replaced the plastic eyes and noses of this classic product with embroidered eyes and noses.  The use of embroidered eyes and noses eliminate any safety concerns and are safe for use by children.  These child-friendly animals are especially great for hospitals, safety programs, schools, and the medical industries.",,"http://media.asicdn.com/images/jpgb/5220000/5226940.jpg",,"STUFFED ANIMALS & TOYS",,"White-Black","","Dimension","Length:7:in","Panda Bear",,,"CHINA",,,,,,,"Printed",,"Art Services (Typeset charge.), Pre-production Proof, Art proof charge","Black, Green, Navy Blue, Other Colors, Red, Royal Blue, White, Yellow","","Y","2"" W x 1.25"" H","",,,"Y",,"7,10","","",,"","","","",,"","N","",,,,,,"",,,"48","200","500","800","1200",,,,,,"8.90","8.65","7.83","7.75","7.68",,,,,,"R","R","R","R","R",,,,,,,"one color imprint on the shirt.",,"USD",,"List","Art Services (Typeset charge.), Pre-production Proof, Art proof charge","ARTW:Art Services (Typeset charge.), Pre-production Proof, Art proof charge",,"Artwork Charge","Other","Optional","1",,,,,,,,,,"18.75",,,,,,,,,,"Z",,,,,,,,,,"",,,,,,,,,,,,,,"N",,,,,,"Promotional","N",,,"Y","None",,,,
4505065,"15"" Animal - Panda","",,,,,"15""  panda bear with shirt.  We have replaced the plastic eyes and noses of this classic product with embroidered eyes and noses.  The use of embroidered eyes and noses eliminate any safety concerns and are safe for use by children.  These child-friendly animals are especially great for hospitals, safety programs, schools, and the medical industries.",,"http://media.asicdn.com/images/jpgb/5220000/5227010.jpg",,"STUFFED ANIMALS & TOYS",,"White-Black","","Dimension","Length:15:in","Panda",,,"CHINA",,,,,,,"Printed",,"Art Services (Typeset charge.), Pre-production Proof, Art proof charge","Black, Green, Navy Blue, Other Colors, Red, Royal Blue, White, Yellow","","Y","2.5"" W x 2"" H","",,,"Y",,"7,10","","",,"","","","",,"","N","",,,,,,"",,,"24","200","500","800","1200",,,,,,"12.15","11.82","10.75","10.60","10.45",,,,,,"R","R","R","R","R",,,,,,,"one color imprint on the shirt.",,"USD",,"List","Art Services (Typeset charge.), Pre-production Proof, Art proof charge","ARTW:Art Services (Typeset charge.), Pre-production Proof, Art proof charge",,"Artwork Charge","Other","Optional","1",,,,,,,,,,"18.75",,,,,,,,,,"Z",,,,,,,,,,"",,,,,,,,,,,,,,"N",,,,,,"Promotional","N",,,"Y","None",,,,
6817846,"9"" Animal - Panda","",,,,,"9"" Panda with shirt.  We have replaced the plastic eyes and noses of this classic product with embroidered eyes and noses.  The use of embroidered eyes and noses eliminate any safety concerns and are safe for use by children.  These child-friendly animals are especially great for hospitals, safety programs, schools, and the medical industries.",,"http://media.asicdn.com/images/jpgb/5220000/5226953.jpg",,"STUFFED ANIMALS & TOYS",,"White-Black","","Dimension","Length:9:in","Panda",,,"CHINA",,,,,,,"Printed",,"Art Services (Typeset charge.), Pre-production Proof, Art proof charge","Black, Green, Navy Blue, Other Colors, Red, Royal Blue, White, Yellow","","Y","2.25"" W x 1.5"" H","",,,"Y",,"7,10","","",,"","","","",,"","N","",,,,,,"",,,"24","200","500","800","1200",,,,,,"10.48","10.23","9.29","9.22","9.14",,,,,,"R","R","R","R","R",,,,,,,"one color imprint on the shirt.",,"USD",,"List","Art Services (Typeset charge.), Pre-production Proof, Art proof charge","ARTW:Art Services (Typeset charge.), Pre-production Proof, Art proof charge",,"Artwork Charge","Other","Optional","1",,,,,,,,,,"18.75",,,,,,,,,,"Z",,,,,,,,,,"",,,,,,,,,,,,,,"N",,,,,,"Promotional","N",,,"Y","None",,,,
200252704,"Panda Key Chain","",,,,,"Panda suncatcher style key chain with the look of stained glass, features vibrant hand painted epoxy coloring, includes a split key ring and heavy duty jump ring connector. Made of die cast metal in Natural Pewter Tone finish for a high quality look (electroplated silvertone finish also available at additional cost). Custom imprint can be added in middle. Combine key chains, magnets or ornaments for quantity pricing. 2.25 x 2.9  American Made",,"http://media.asicdn.com/images/jpgb/21090000/21091840.jpg",,"Key Holders-Metal",,"Multi color","Metal-Epoxy","Dimension","Length:2.25:in;Width:2.9:in","Panda",,,"CHINA",,,,,,,"Pad Print, Unimprinted",,"","Black, Blue, Green, Red, White","Y","Y","1.25"" x .25""","",,,"Y",,"10","Y","",,"","","","250 pcs = 18:lbs",,"","N","",,,,,,"Panda Key Chain",,,"250","500","1000","2500","5000",,,,,,"2.25","1.98","1.78","1.72","1.68",,,,,,"R","R","R","R","R",,,,,,,"One color-one location custom imprint unless otherwise noted.",,"USD",,"List",,,,,,,,,,,,,,,,,,,,,,,,,,,,,,,,,,,,,,,,,,,,,,,,,,,"N",,,,,,"Promotional","N",,,"Y","None",,,,
550498449,"Panda Wall Charger - Blue","",,,,,"The Panda USB wall charger makes charging your devices quick and easy with this fast and efficient charger. It provides a quick and safe charge to your mobile and USB-powered devices. This stylish single port charger is available is a variety of colors, great for silkscreen or full color imprinted logos. Intelligent chip features a protection circuit that prevents overcharging, over voltage and short circuiting. It's small and compact so it takes up minimal space in your briefcase or purse.",,"http://media.asicdn.com/images/jpgb/22030000/22032727.jpg",,"BATTERY RECHARGERS & ADAPTORS-GENERAL,Mobile Accessories-General,PHONE ACCESSORIES",,"Black,White,Blue,Yellow,Magenta","ABS","Dimension","Length:1.95:in;Width:2.13:in;Height:1.03:in","",,,"CHINA",,,,,,,"Full Color, Silkscreen",,"","","","","0.89"" x 0.88""","",,,"Y",,"7,9","","",,"Poly Bag","100:per Case","","7:lbs",,"Free ground shipping to one location within the 48 states.","N","",,,,,,"Panda Wall Charger",,,"100","250","500","1000","2500",,,,,,"3.97","3.91","3.81","3.71","3.51",,,,,,"R","R","R","R","R",,,,,,,"Free ground shipping to 1 location within 48 states, Free 1 color imprint, Free 1 color set up.",,"USD",,"List","Silkscreen, Full Color","IMMD:Silkscreen, Full Color",,"Imprint Method Charge","Other","Required","1",,,,,,,,,,"0.25",,,,,,,,,,"Z",,,,,,,,,,"",,,,,,,,,,,,,,"N",,,,,,"Promotional","N",,,"Y","None",,,,
